insert into warehouses (id, code, name, timezone)
values
  ('00000000-0000-0000-0000-000000000001', 'BLR-01', 'Bangalore Main Warehouse', 'Asia/Kolkata')
on conflict (code) do nothing;

insert into users (id, email, display_name, role_id, is_active)
values
  (
    '90000000-0000-0000-0000-000000000001',
    'admin@local.test',
    'Local Admin',
    (select id from roles where key = 'admin'),
    true
  ),
  (
    '90000000-0000-0000-0000-000000000002',
    'manager@local.test',
    'Local Manager',
    (select id from roles where key = 'manager'),
    true
  ),
  (
    '90000000-0000-0000-0000-000000000003',
    'receiver@local.test',
    'Local Receiver',
    (select id from roles where key = 'receiver'),
    true
  ),
  (
    '90000000-0000-0000-0000-000000000004',
    'picker@local.test',
    'Local Picker',
    (select id from roles where key = 'picker'),
    true
  ),
  (
    '90000000-0000-0000-0000-000000000005',
    'packer@local.test',
    'Local Packer',
    (select id from roles where key = 'packer'),
    true
  )
on conflict (email) do nothing;

insert into zones (id, warehouse_id, code, name)
values
  ('00000000-0000-0000-0000-000000000011', '00000000-0000-0000-0000-000000000001', 'STAGE', 'Inbound Staging'),
  ('00000000-0000-0000-0000-000000000012', '00000000-0000-0000-0000-000000000001', 'BULK', 'Bulk Storage')
on conflict do nothing;

insert into locations (id, warehouse_id, zone_id, code, name)
values
  ('00000000-0000-0000-0000-000000000021', '00000000-0000-0000-0000-000000000001', '00000000-0000-0000-0000-000000000011', 'STAGE-A', 'Inbound Staging Lane A'),
  ('00000000-0000-0000-0000-000000000022', '00000000-0000-0000-0000-000000000001', '00000000-0000-0000-0000-000000000012', 'B-01', 'Bulk Aisle 01'),
  ('00000000-0000-0000-0000-000000000023', '00000000-0000-0000-0000-000000000001', '00000000-0000-0000-0000-000000000012', 'B-03', 'Bulk Aisle 03'),
  ('00000000-0000-0000-0000-000000000024', '00000000-0000-0000-0000-000000000001', '00000000-0000-0000-0000-000000000012', 'B-04', 'Bulk Aisle 04')
on conflict do nothing;

insert into bins (id, warehouse_id, location_id, code, kind, is_staging)
values
  ('00000000-0000-0000-0000-000000000031', '00000000-0000-0000-0000-000000000001', '00000000-0000-0000-0000-000000000021', 'STAGE-A1', 'staging', true),
  ('00000000-0000-0000-0000-000000000032', '00000000-0000-0000-0000-000000000001', '00000000-0000-0000-0000-000000000022', 'B-01-02', 'storage', false),
  ('00000000-0000-0000-0000-000000000033', '00000000-0000-0000-0000-000000000001', '00000000-0000-0000-0000-000000000021', 'STAGE-A2', 'staging', true),
  ('00000000-0000-0000-0000-000000000034', '00000000-0000-0000-0000-000000000001', '00000000-0000-0000-0000-000000000023', 'B-03-07', 'storage', false),
  ('00000000-0000-0000-0000-000000000035', '00000000-0000-0000-0000-000000000001', '00000000-0000-0000-0000-000000000024', 'B-04-01', 'storage', false)
on conflict do nothing;

insert into products (id, sku, barcode, name, status, unit_of_measure)
values
  ('10000000-0000-0000-0000-000000000001', 'SKU-CHAIR-001', '8901000000011', 'Axis Ergonomic Chair', 'active', 'each'),
  ('10000000-0000-0000-0000-000000000002', 'SKU-DESK-002', '8901000000028', 'Northline Standing Desk', 'active', 'each'),
  ('10000000-0000-0000-0000-000000000003', 'SKU-LAMP-003', '8901000000035', 'Halo Task Lamp', 'active', 'each')
on conflict (sku) do nothing;

insert into inventory (id, warehouse_id, product_id, bin_id, on_hand_quantity, allocated_quantity, damaged_quantity)
values
  ('20000000-0000-0000-0000-000000000001', '00000000-0000-0000-0000-000000000001', '10000000-0000-0000-0000-000000000001', '00000000-0000-0000-0000-000000000032', 48, 10, 0),
  ('20000000-0000-0000-0000-000000000002', '00000000-0000-0000-0000-000000000001', '10000000-0000-0000-0000-000000000002', '00000000-0000-0000-0000-000000000034', 18, 4, 0),
  ('20000000-0000-0000-0000-000000000003', '00000000-0000-0000-0000-000000000001', '10000000-0000-0000-0000-000000000003', '00000000-0000-0000-0000-000000000035', 64, 12, 1),
  ('20000000-0000-0000-0000-000000000004', '00000000-0000-0000-0000-000000000001', '10000000-0000-0000-0000-000000000002', '00000000-0000-0000-0000-000000000033', 6, 0, 0)
on conflict (id) do nothing;

insert into orders (
  id,
  warehouse_id,
  external_reference,
  source_channel,
  status,
  customer_name,
  customer_email,
  requested_ship_at,
  allocated_at,
  packed_at,
  shipped_at
)
values
  (
    '40000000-0000-0000-0000-000000000001',
    '00000000-0000-0000-0000-000000000001',
    'SHOP-1101',
    'shopify',
    'new',
    'Anika Rao',
    'anika.rao@example.com',
    '2026-03-14T12:30:00Z',
    null,
    null,
    null
  ),
  (
    '40000000-0000-0000-0000-000000000002',
    '00000000-0000-0000-0000-000000000001',
    'WOO-2204',
    'woocommerce',
    'allocated',
    'Rahul Mehta',
    'rahul.mehta@example.com',
    '2026-03-14T15:00:00Z',
    '2026-03-14T10:15:00Z',
    null,
    null
  ),
  (
    '40000000-0000-0000-0000-000000000003',
    '00000000-0000-0000-0000-000000000001',
    'SHOP-1188',
    'shopify',
    'shipped',
    'Priya Nair',
    'priya.nair@example.com',
    '2026-03-13T09:15:00Z',
    '2026-03-13T07:40:00Z',
    '2026-03-13T08:40:00Z',
    '2026-03-13T09:05:00Z'
  )
on conflict (external_reference) do nothing;

insert into order_items (
  id,
  order_id,
  product_id,
  sku,
  ordered_quantity,
  allocated_quantity,
  picked_quantity,
  packed_quantity
)
values
  (
    '41000000-0000-0000-0000-000000000001',
    '40000000-0000-0000-0000-000000000001',
    '10000000-0000-0000-0000-000000000001',
    'SKU-CHAIR-001',
    2,
    0,
    0,
    0
  ),
  (
    '41000000-0000-0000-0000-000000000002',
    '40000000-0000-0000-0000-000000000001',
    '10000000-0000-0000-0000-000000000003',
    'SKU-LAMP-003',
    1,
    0,
    0,
    0
  ),
  (
    '41000000-0000-0000-0000-000000000003',
    '40000000-0000-0000-0000-000000000002',
    '10000000-0000-0000-0000-000000000001',
    'SKU-CHAIR-001',
    4,
    4,
    0,
    0
  ),
  (
    '41000000-0000-0000-0000-000000000004',
    '40000000-0000-0000-0000-000000000002',
    '10000000-0000-0000-0000-000000000002',
    'SKU-DESK-002',
    3,
    3,
    0,
    0
  ),
  (
    '41000000-0000-0000-0000-000000000005',
    '40000000-0000-0000-0000-000000000003',
    '10000000-0000-0000-0000-000000000003',
    'SKU-LAMP-003',
    2,
    2,
    2,
    2
  )
on conflict (id) do nothing;

insert into tasks (
  id,
  code,
  warehouse_id,
  type,
  status,
  order_id,
  product_id,
  source_bin_id,
  destination_bin_id,
  assignee_id,
  expected_quantity,
  actual_quantity
)
values
  (
    '30000000-0000-0000-0000-000000000001',
    'REC-1008',
    '00000000-0000-0000-0000-000000000001',
    'receiving',
    'open',
    null,
    '10000000-0000-0000-0000-000000000001',
    '00000000-0000-0000-0000-000000000031',
    '00000000-0000-0000-0000-000000000032',
    null,
    24,
    0
  ),
  (
    '30000000-0000-0000-0000-000000000002',
    'REC-1009',
    '00000000-0000-0000-0000-000000000001',
    'receiving',
    'in_progress',
    null,
    '10000000-0000-0000-0000-000000000002',
    '00000000-0000-0000-0000-000000000033',
    '00000000-0000-0000-0000-000000000034',
    null,
    12,
    6
  ),
  (
    '30000000-0000-0000-0000-000000000101',
    'PICK-WOO-2204-01',
    '00000000-0000-0000-0000-000000000001',
    'picking',
    'open',
    '40000000-0000-0000-0000-000000000002',
    '10000000-0000-0000-0000-000000000001',
    '00000000-0000-0000-0000-000000000032',
    null,
    '90000000-0000-0000-0000-000000000004',
    4,
    0
  ),
  (
    '30000000-0000-0000-0000-000000000102',
    'PICK-WOO-2204-02',
    '00000000-0000-0000-0000-000000000001',
    'picking',
    'open',
    '40000000-0000-0000-0000-000000000002',
    '10000000-0000-0000-0000-000000000002',
    '00000000-0000-0000-0000-000000000034',
    null,
    '90000000-0000-0000-0000-000000000004',
    3,
    0
  )
on conflict (code) do nothing;

insert into shipments (
  id,
  order_id,
  status,
  carrier_code,
  service_level,
  tracking_number,
  package_count,
  dispatched_at,
  metadata
)
values
  (
    '50000000-0000-0000-0000-000000000001',
    '40000000-0000-0000-0000-000000000003',
    'dispatched',
    'delhivery',
    'surface',
    'TRK-SHOP1188',
    1,
    '2026-03-13T09:05:00Z',
    '{}'
  )
on conflict (id) do nothing;
